{
  "2. Login-1" : {
    "transaction" : "2. Login-1",
    "sampleCount" : 200,
    "errorCount" : 0,
    "errorPct" : 0.0,
    "meanResTime" : 0.41999999999999976,
    "medianResTime" : 0.0,
    "minResTime" : 0.0,
    "maxResTime" : 7.0,
    "pct1ResTime" : 1.0,
    "pct2ResTime" : 1.0,
    "pct3ResTime" : 2.980000000000018,
    "throughput" : 1.6720590571258975,
    "receivedKBytesPerSec" : 11.60480831932984,
    "sentKBytesPerSec" : 0.32330829424895285
  },
  "3. Dettagli Film" : {
    "transaction" : "3. Dettagli Film",
    "sampleCount" : 200,
    "errorCount" : 0,
    "errorPct" : 0.0,
    "meanResTime" : 2.5350000000000006,
    "medianResTime" : 2.0,
    "minResTime" : 0.0,
    "maxResTime" : 9.0,
    "pct1ResTime" : 5.0,
    "pct2ResTime" : 5.0,
    "pct3ResTime" : 8.0,
    "throughput" : 1.6646690637901185,
    "receivedKBytesPerSec" : 111.13941915534691,
    "sentKBytesPerSec" : 0.5007012418431216
  },
  "2. Login-0" : {
    "transaction" : "2. Login-0",
    "sampleCount" : 200,
    "errorCount" : 0,
    "errorPct" : 0.0,
    "meanResTime" : 142.27999999999997,
    "medianResTime" : 146.0,
    "minResTime" : 93.0,
    "maxResTime" : 258.0,
    "pct1ResTime" : 176.0,
    "pct2ResTime" : 181.0,
    "pct3ResTime" : 199.93000000000006,
    "throughput" : 1.6696441988212312,
    "receivedKBytesPerSec" : 0.2657734418045514,
    "sentKBytesPerSec" : 0.536438419347837
  },
  "2. Login" : {
    "transaction" : "2. Login",
    "sampleCount" : 200,
    "errorCount" : 0,
    "errorPct" : 0.0,
    "meanResTime" : 142.80499999999998,
    "medianResTime" : 146.5,
    "minResTime" : 94.0,
    "maxResTime" : 258.0,
    "pct1ResTime" : 176.9,
    "pct2ResTime" : 182.0,
    "pct3ResTime" : 202.9000000000001,
    "throughput" : 1.669630260378839,
    "receivedKBytesPerSec" : 11.853722649369297,
    "sentKBytesPerSec" : 0.8592726047066876
  },
  "Total" : {
    "transaction" : "Total",
    "sampleCount" : 2184,
    "errorCount" : 0,
    "errorPct" : 0.0,
    "meanResTime" : 52.47481684981678,
    "medianResTime" : 5.0,
    "minResTime" : 0.0,
    "maxResTime" : 258.0,
    "pct1ResTime" : 162.0,
    "pct2ResTime" : 172.0,
    "pct3ResTime" : 187.0,
    "throughput" : 17.49649509313038,
    "receivedKBytesPerSec" : 322.48103595033047,
    "sentKBytesPerSec" : 5.546968881434007
  },
  "7. Completa Prenotazione-1" : {
    "transaction" : "7. Completa Prenotazione-1",
    "sampleCount" : 192,
    "errorCount" : 0,
    "errorPct" : 0.0,
    "meanResTime" : 134.07291666666669,
    "medianResTime" : 126.0,
    "minResTime" : 91.0,
    "maxResTime" : 217.0,
    "pct1ResTime" : 171.0,
    "pct2ResTime" : 179.7,
    "pct3ResTime" : 200.25999999999988,
    "throughput" : 1.5644861640754864,
    "receivedKBytesPerSec" : 12.292318535901698,
    "sentKBytesPerSec" : 0.3162584335582282
  },
  "6. Checkout" : {
    "transaction" : "6. Checkout",
    "sampleCount" : 200,
    "errorCount" : 0,
    "errorPct" : 0.0,
    "meanResTime" : 1.3000000000000003,
    "medianResTime" : 1.0,
    "minResTime" : 0.0,
    "maxResTime" : 4.0,
    "pct1ResTime" : 3.0,
    "pct2ResTime" : 3.0,
    "pct3ResTime" : 3.990000000000009,
    "throughput" : 1.6403795838356996,
    "receivedKBytesPerSec" : 9.50194679736391,
    "sentKBytesPerSec" : 0.3869469614018684
  },
  "4. Proiezioni Film" : {
    "transaction" : "4. Proiezioni Film",
    "sampleCount" : 200,
    "errorCount" : 0,
    "errorPct" : 0.0,
    "meanResTime" : 10.910000000000005,
    "medianResTime" : 8.0,
    "minResTime" : 3.0,
    "maxResTime" : 29.0,
    "pct1ResTime" : 21.0,
    "pct2ResTime" : 22.0,
    "pct3ResTime" : 28.99000000000001,
    "throughput" : 1.657399043680752,
    "receivedKBytesPerSec" : 13.616892728990395,
    "sentKBytesPerSec" : 0.50175166361429
  },
  "7. Completa Prenotazione" : {
    "transaction" : "7. Completa Prenotazione",
    "sampleCount" : 200,
    "errorCount" : 0,
    "errorPct" : 0.0,
    "meanResTime" : 132.955,
    "medianResTime" : 127.5,
    "minResTime" : 3.0,
    "maxResTime" : 223.0,
    "pct1ResTime" : 177.9,
    "pct2ResTime" : 186.95,
    "pct3ResTime" : 201.96000000000004,
    "throughput" : 1.6295934164425976,
    "receivedKBytesPerSec" : 12.638833720361768,
    "sentKBytesPerSec" : 0.9520867707569461
  },
  "1. Home Page" : {
    "transaction" : "1. Home Page",
    "sampleCount" : 200,
    "errorCount" : 0,
    "errorPct" : 0.0,
    "meanResTime" : 1.955,
    "medianResTime" : 2.0,
    "minResTime" : 0.0,
    "maxResTime" : 18.0,
    "pct1ResTime" : 4.0,
    "pct2ResTime" : 4.0,
    "pct3ResTime" : 5.0,
    "throughput" : 1.6761789823917397,
    "receivedKBytesPerSec" : 11.803639298854332,
    "sentKBytesPerSec" : 0.23734956293633033
  },
  "5. Scelta Posto" : {
    "transaction" : "5. Scelta Posto",
    "sampleCount" : 200,
    "errorCount" : 0,
    "errorPct" : 0.0,
    "meanResTime" : 5.314999999999997,
    "medianResTime" : 4.0,
    "minResTime" : 1.0,
    "maxResTime" : 17.0,
    "pct1ResTime" : 10.0,
    "pct2ResTime" : 11.0,
    "pct3ResTime" : 13.0,
    "throughput" : 1.6491989016335316,
    "receivedKBytesPerSec" : 138.19521786432864,
    "sentKBytesPerSec" : 0.49282701552720765
  },
  "7. Completa Prenotazione-0" : {
    "transaction" : "7. Completa Prenotazione-0",
    "sampleCount" : 192,
    "errorCount" : 0,
    "errorPct" : 0.0,
    "meanResTime" : 4.0,
    "medianResTime" : 3.0,
    "minResTime" : 1.0,
    "maxResTime" : 9.0,
    "pct1ResTime" : 8.0,
    "pct2ResTime" : 8.0,
    "pct3ResTime" : 9.0,
    "throughput" : 1.5663495896490398,
    "receivedKBytesPerSec" : 0.26309778263636213,
    "sentKBytesPerSec" : 0.6111382905170585
  }
}