{
  "2. Login-1" : {
    "transaction" : "2. Login-1",
    "sampleCount" : 100,
    "errorCount" : 0,
    "errorPct" : 0.0,
    "meanResTime" : 0.5099999999999999,
    "medianResTime" : 0.0,
    "minResTime" : 0.0,
    "maxResTime" : 2.0,
    "pct1ResTime" : 1.0,
    "pct2ResTime" : 1.9499999999999886,
    "pct3ResTime" : 2.0,
    "throughput" : 2.588326646822829,
    "receivedKBytesPerSec" : 17.964099100556492,
    "sentKBytesPerSec" : 0.500477222725508
  },
  "3. Dettagli Film" : {
    "transaction" : "3. Dettagli Film",
    "sampleCount" : 100,
    "errorCount" : 0,
    "errorPct" : 0.0,
    "meanResTime" : 3.7800000000000007,
    "medianResTime" : 2.0,
    "minResTime" : 0.0,
    "maxResTime" : 151.0,
    "pct1ResTime" : 5.0,
    "pct2ResTime" : 5.949999999999989,
    "pct3ResTime" : 149.5899999999993,
    "throughput" : 2.5524529072438615,
    "receivedKBytesPerSec" : 170.41112837561897,
    "sentKBytesPerSec" : 0.7677299760069427
  },
  "2. Login-0" : {
    "transaction" : "2. Login-0",
    "sampleCount" : 100,
    "errorCount" : 0,
    "errorPct" : 0.0,
    "meanResTime" : 138.83999999999995,
    "medianResTime" : 115.0,
    "minResTime" : 89.0,
    "maxResTime" : 728.0,
    "pct1ResTime" : 168.9,
    "pct2ResTime" : 206.79999999999995,
    "pct3ResTime" : 726.3999999999992,
    "throughput" : 2.541942043721403,
    "receivedKBytesPerSec" : 0.40462554016268426,
    "sentKBytesPerSec" : 0.8166981761565836
  },
  "2. Login" : {
    "transaction" : "2. Login",
    "sampleCount" : 100,
    "errorCount" : 0,
    "errorPct" : 0.0,
    "meanResTime" : 139.51999999999998,
    "medianResTime" : 115.5,
    "minResTime" : 90.0,
    "maxResTime" : 730.0,
    "pct1ResTime" : 169.9,
    "pct2ResTime" : 208.79999999999995,
    "pct3ResTime" : 728.3999999999992,
    "throughput" : 2.541877430670293,
    "receivedKBytesPerSec" : 18.046336836887725,
    "sentKBytesPerSec" : 1.308173248010981
  },
  "Total" : {
    "transaction" : "Total",
    "sampleCount" : 1084,
    "errorCount" : 0,
    "errorPct" : 0.0,
    "meanResTime" : 48.823800738007336,
    "medianResTime" : 5.0,
    "minResTime" : 0.0,
    "maxResTime" : 730.0,
    "pct1ResTime" : 145.5,
    "pct2ResTime" : 161.0,
    "pct3ResTime" : 205.30000000000018,
    "throughput" : 24.05681313803817,
    "receivedKBytesPerSec" : 445.8232772969374,
    "sentKBytesPerSec" : 7.612527914169995
  },
  "7. Completa Prenotazione-1" : {
    "transaction" : "7. Completa Prenotazione-1",
    "sampleCount" : 92,
    "errorCount" : 0,
    "errorPct" : 0.0,
    "meanResTime" : 118.6413043478261,
    "medianResTime" : 111.5,
    "minResTime" : 88.0,
    "maxResTime" : 199.0,
    "pct1ResTime" : 153.7,
    "pct2ResTime" : 160.35,
    "pct3ResTime" : 199.0,
    "throughput" : 2.223672443380949,
    "receivedKBytesPerSec" : 17.470515002235757,
    "sentKBytesPerSec" : 0.44951190994126605
  },
  "6. Checkout" : {
    "transaction" : "6. Checkout",
    "sampleCount" : 100,
    "errorCount" : 0,
    "errorPct" : 0.0,
    "meanResTime" : 1.8900000000000003,
    "medianResTime" : 1.0,
    "minResTime" : 0.0,
    "maxResTime" : 52.0,
    "pct1ResTime" : 3.0,
    "pct2ResTime" : 3.9499999999999886,
    "pct3ResTime" : 51.52999999999976,
    "throughput" : 2.459238128027937,
    "receivedKBytesPerSec" : 14.245208904593857,
    "sentKBytesPerSec" : 0.5801064158448713
  },
  "4. Proiezioni Film" : {
    "transaction" : "4. Proiezioni Film",
    "sampleCount" : 100,
    "errorCount" : 0,
    "errorPct" : 0.0,
    "meanResTime" : 10.989999999999998,
    "medianResTime" : 6.0,
    "minResTime" : 4.0,
    "maxResTime" : 106.0,
    "pct1ResTime" : 19.900000000000006,
    "pct2ResTime" : 22.94999999999999,
    "pct3ResTime" : 106.0,
    "throughput" : 2.526209422761147,
    "receivedKBytesPerSec" : 20.75488268914993,
    "sentKBytesPerSec" : 0.7647704307187065
  },
  "7. Completa Prenotazione" : {
    "transaction" : "7. Completa Prenotazione",
    "sampleCount" : 100,
    "errorCount" : 0,
    "errorPct" : 0.0,
    "meanResTime" : 113.58000000000001,
    "medianResTime" : 113.0,
    "minResTime" : 2.0,
    "maxResTime" : 204.0,
    "pct1ResTime" : 160.9,
    "pct2ResTime" : 168.74999999999994,
    "pct3ResTime" : 203.75999999999988,
    "throughput" : 2.416626389560174,
    "receivedKBytesPerSec" : 18.09116251057274,
    "sentKBytesPerSec" : 1.3923685581802803
  },
  "1. Home Page" : {
    "transaction" : "1. Home Page",
    "sampleCount" : 100,
    "errorCount" : 0,
    "errorPct" : 0.0,
    "meanResTime" : 1.9900000000000002,
    "medianResTime" : 1.0,
    "minResTime" : 0.0,
    "maxResTime" : 19.0,
    "pct1ResTime" : 4.0,
    "pct2ResTime" : 4.0,
    "pct3ResTime" : 18.87999999999994,
    "throughput" : 2.5587226856353307,
    "receivedKBytesPerSec" : 18.01850516222302,
    "sentKBytesPerSec" : 0.36231913029015916
  },
  "5. Scelta Posto" : {
    "transaction" : "5. Scelta Posto",
    "sampleCount" : 100,
    "errorCount" : 0,
    "errorPct" : 0.0,
    "meanResTime" : 5.58,
    "medianResTime" : 3.5,
    "minResTime" : 2.0,
    "maxResTime" : 68.0,
    "pct1ResTime" : 10.0,
    "pct2ResTime" : 11.949999999999989,
    "pct3ResTime" : 67.44999999999972,
    "throughput" : 2.4931438544003988,
    "receivedKBytesPerSec" : 209.4390572410247,
    "sentKBytesPerSec" : 0.7450215033657442
  },
  "7. Completa Prenotazione-0" : {
    "transaction" : "7. Completa Prenotazione-0",
    "sampleCount" : 92,
    "errorCount" : 0,
    "errorPct" : 0.0,
    "meanResTime" : 3.7173913043478257,
    "medianResTime" : 3.0,
    "minResTime" : 1.0,
    "maxResTime" : 10.0,
    "pct1ResTime" : 7.0,
    "pct2ResTime" : 8.349999999999994,
    "pct3ResTime" : 10.0,
    "throughput" : 2.23127667830811,
    "receivedKBytesPerSec" : 0.3747847545595654,
    "sentKBytesPerSec" : 0.8705266464760381
  }
}