{
  "2. Login-1" : {
    "transaction" : "2. Login-1",
    "sampleCount" : 91,
    "errorCount" : 0,
    "errorPct" : 0.0,
    "meanResTime" : 0.41758241758241754,
    "medianResTime" : 0.0,
    "minResTime" : 0.0,
    "maxResTime" : 6.0,
    "pct1ResTime" : 1.0,
    "pct2ResTime" : 1.0,
    "pct3ResTime" : 6.0,
    "throughput" : 9.311368054844982,
    "receivedKBytesPerSec" : 59.860093657270035,
    "sentKBytesPerSec" : 1.8004403074797912
  },
  "3. Dettagli Film" : {
    "transaction" : "3. Dettagli Film",
    "sampleCount" : 100,
    "errorCount" : 0,
    "errorPct" : 0.0,
    "meanResTime" : 1.11,
    "medianResTime" : 1.0,
    "minResTime" : 0.0,
    "maxResTime" : 12.0,
    "pct1ResTime" : 2.0,
    "pct2ResTime" : 2.0,
    "pct3ResTime" : 11.909999999999954,
    "throughput" : 10.227040294538762,
    "receivedKBytesPerSec" : 678.3648760290959,
    "sentKBytesPerSec" : 3.0761019635917366
  },
  "2. Login-0" : {
    "transaction" : "2. Login-0",
    "sampleCount" : 91,
    "errorCount" : 0,
    "errorPct" : 0.0,
    "meanResTime" : 90.5054945054945,
    "medianResTime" : 90.0,
    "minResTime" : 69.0,
    "maxResTime" : 128.0,
    "pct1ResTime" : 103.0,
    "pct2ResTime" : 108.39999999999999,
    "pct3ResTime" : 128.0,
    "throughput" : 9.205867475973697,
    "receivedKBytesPerSec" : 1.465387107991907,
    "sentKBytesPerSec" : 2.9577445308548307
  },
  "6. Checkout-0" : {
    "transaction" : "6. Checkout-0",
    "sampleCount" : 9,
    "errorCount" : 0,
    "errorPct" : 0.0,
    "meanResTime" : 0.4444444444444444,
    "medianResTime" : 0.0,
    "minResTime" : 0.0,
    "maxResTime" : 1.0,
    "pct1ResTime" : 1.0,
    "pct2ResTime" : 1.0,
    "pct3ResTime" : 1.0,
    "throughput" : 1.028924202583743,
    "receivedKBytesPerSec" : 0.1647886418200526,
    "sentKBytesPerSec" : 0.25622624185435006
  },
  "4. Proiezioni Film-1" : {
    "transaction" : "4. Proiezioni Film-1",
    "sampleCount" : 9,
    "errorCount" : 0,
    "errorPct" : 0.0,
    "meanResTime" : 0.0,
    "medianResTime" : 0.0,
    "minResTime" : 0.0,
    "maxResTime" : 0.0,
    "pct1ResTime" : 0.0,
    "pct2ResTime" : 0.0,
    "pct3ResTime" : 0.0,
    "throughput" : 1.028924202583743,
    "receivedKBytesPerSec" : 5.473193487767235,
    "sentKBytesPerSec" : 0.19995694952555162
  },
  "6. Checkout-1" : {
    "transaction" : "6. Checkout-1",
    "sampleCount" : 9,
    "errorCount" : 0,
    "errorPct" : 0.0,
    "meanResTime" : 0.1111111111111111,
    "medianResTime" : 0.0,
    "minResTime" : 0.0,
    "maxResTime" : 1.0,
    "pct1ResTime" : 1.0,
    "pct2ResTime" : 1.0,
    "pct3ResTime" : 1.0,
    "throughput" : 1.0290418477018066,
    "receivedKBytesPerSec" : 5.473819281671621,
    "sentKBytesPerSec" : 0.19997981219986277
  },
  "5. Scelta Posto-0" : {
    "transaction" : "5. Scelta Posto-0",
    "sampleCount" : 9,
    "errorCount" : 0,
    "errorPct" : 0.0,
    "meanResTime" : 0.11111111111111113,
    "medianResTime" : 0.0,
    "minResTime" : 0.0,
    "maxResTime" : 1.0,
    "pct1ResTime" : 1.0,
    "pct2ResTime" : 1.0,
    "pct3ResTime" : 1.0,
    "throughput" : 1.0291595197255574,
    "receivedKBytesPerSec" : 0.16482632933104632,
    "sentKBytesPerSec" : 0.3055317324185249
  },
  "5. Scelta Posto-1" : {
    "transaction" : "5. Scelta Posto-1",
    "sampleCount" : 9,
    "errorCount" : 0,
    "errorPct" : 0.0,
    "meanResTime" : 0.5555555555555556,
    "medianResTime" : 1.0,
    "minResTime" : 0.0,
    "maxResTime" : 1.0,
    "pct1ResTime" : 1.0,
    "pct2ResTime" : 1.0,
    "pct3ResTime" : 1.0,
    "throughput" : 1.0292772186642267,
    "receivedKBytesPerSec" : 5.4750712988906685,
    "sentKBytesPerSec" : 0.20002555323650503
  },
  "2. Login" : {
    "transaction" : "2. Login",
    "sampleCount" : 100,
    "errorCount" : 0,
    "errorPct" : 0.0,
    "meanResTime" : 82.89,
    "medianResTime" : 88.5,
    "minResTime" : 0.0,
    "maxResTime" : 129.0,
    "pct1ResTime" : 102.9,
    "pct2ResTime" : 107.89999999999998,
    "pct3ResTime" : 128.93999999999997,
    "throughput" : 10.116337885685383,
    "receivedKBytesPerSec" : 61.52482059307031,
    "sentKBytesPerSec" : 5.020529052857865
  },
  "Total" : {
    "transaction" : "Total",
    "sampleCount" : 1136,
    "errorCount" : 0,
    "errorPct" : 0.0,
    "meanResTime" : 30.600352112676074,
    "medianResTime" : 2.0,
    "minResTime" : 0.0,
    "maxResTime" : 137.0,
    "pct1ResTime" : 96.0,
    "pct2ResTime" : 102.0,
    "pct3ResTime" : 112.62999999999988,
    "throughput" : 95.9297415977031,
    "receivedKBytesPerSec" : 5580.210482947348,
    "sentKBytesPerSec" : 30.494776273011315
  },
  "7. Completa Prenotazione-1" : {
    "transaction" : "7. Completa Prenotazione-1",
    "sampleCount" : 100,
    "errorCount" : 0,
    "errorPct" : 0.0,
    "meanResTime" : 83.97000000000001,
    "medianResTime" : 88.5,
    "minResTime" : 0.0,
    "maxResTime" : 135.0,
    "pct1ResTime" : 105.9,
    "pct2ResTime" : 109.94999999999999,
    "pct3ResTime" : 134.98,
    "throughput" : 10.117361392148927,
    "receivedKBytesPerSec" : 2346.8839119726326,
    "sentKBytesPerSec" : 2.0380950273168756
  },
  "4. Proiezioni Film-0" : {
    "transaction" : "4. Proiezioni Film-0",
    "sampleCount" : 9,
    "errorCount" : 0,
    "errorPct" : 0.0,
    "meanResTime" : 0.4444444444444444,
    "medianResTime" : 0.0,
    "minResTime" : 0.0,
    "maxResTime" : 1.0,
    "pct1ResTime" : 1.0,
    "pct2ResTime" : 1.0,
    "pct3ResTime" : 1.0,
    "throughput" : 1.02880658436214,
    "receivedKBytesPerSec" : 0.164769804526749,
    "sentKBytesPerSec" : 0.31145511831275724
  },
  "6. Checkout" : {
    "transaction" : "6. Checkout",
    "sampleCount" : 100,
    "errorCount" : 0,
    "errorPct" : 0.0,
    "meanResTime" : 0.6300000000000002,
    "medianResTime" : 1.0,
    "minResTime" : 0.0,
    "maxResTime" : 3.0,
    "pct1ResTime" : 1.0,
    "pct2ResTime" : 1.0,
    "pct3ResTime" : 2.989999999999995,
    "throughput" : 10.225994477962981,
    "receivedKBytesPerSec" : 67.4481230506698,
    "sentKBytesPerSec" : 2.599040354330709
  },
  "4. Proiezioni Film" : {
    "transaction" : "4. Proiezioni Film",
    "sampleCount" : 100,
    "errorCount" : 0,
    "errorPct" : 0.0,
    "meanResTime" : 4.659999999999997,
    "medianResTime" : 5.0,
    "minResTime" : 0.0,
    "maxResTime" : 11.0,
    "pct1ResTime" : 7.0,
    "pct2ResTime" : 8.0,
    "pct3ResTime" : 10.969999999999985,
    "throughput" : 10.224948875255624,
    "receivedKBytesPerSec" : 115.07241340746423,
    "sentKBytesPerSec" : 3.2742802594580778
  },
  "7. Completa Prenotazione" : {
    "transaction" : "7. Completa Prenotazione",
    "sampleCount" : 100,
    "errorCount" : 0,
    "errorPct" : 0.0,
    "meanResTime" : 85.90000000000002,
    "medianResTime" : 91.0,
    "minResTime" : 0.0,
    "maxResTime" : 137.0,
    "pct1ResTime" : 107.9,
    "pct2ResTime" : 112.94999999999999,
    "pct3ResTime" : 136.96999999999997,
    "throughput" : 10.115314586283633,
    "receivedKBytesPerSec" : 2348.101067007637,
    "sentKBytesPerSec" : 5.992434851051994
  },
  "1. Home Page" : {
    "transaction" : "1. Home Page",
    "sampleCount" : 100,
    "errorCount" : 0,
    "errorPct" : 0.0,
    "meanResTime" : 1.0600000000000007,
    "medianResTime" : 1.0,
    "minResTime" : 0.0,
    "maxResTime" : 13.0,
    "pct1ResTime" : 1.0,
    "pct2ResTime" : 2.0,
    "pct3ResTime" : 12.899999999999949,
    "throughput" : 10.199918400652795,
    "receivedKBytesPerSec" : 66.60825619645043,
    "sentKBytesPerSec" : 1.4443243829049368
  },
  "5. Scelta Posto" : {
    "transaction" : "5. Scelta Posto",
    "sampleCount" : 100,
    "errorCount" : 0,
    "errorPct" : 0.0,
    "meanResTime" : 2.5999999999999996,
    "medianResTime" : 2.0,
    "minResTime" : 0.0,
    "maxResTime" : 10.0,
    "pct1ResTime" : 4.0,
    "pct2ResTime" : 6.0,
    "pct3ResTime" : 9.989999999999995,
    "throughput" : 10.227040294538762,
    "receivedKBytesPerSec" : 943.7020407739312,
    "sentKBytesPerSec" : 3.233202885303743
  },