{
  "2. Login-1" : {
    "transaction" : "2. Login-1",
    "sampleCount" : 200,
    "errorCount" : 0,
    "errorPct" : 0.0,
    "meanResTime" : 0.37500000000000006,
    "medianResTime" : 0.0,
    "minResTime" : 0.0,
    "maxResTime" : 3.0,
    "pct1ResTime" : 1.0,
    "pct2ResTime" : 1.0,
    "pct3ResTime" : 1.0,
    "throughput" : 1.436967423948499,
    "receivedKBytesPerSec" : 9.973171369142563,
    "sentKBytesPerSec" : 0.27785112299004183
  },
  "3. Dettagli Film" : {
    "transaction" : "3. Dettagli Film",
    "sampleCount" : 200,
    "errorCount" : 0,
    "errorPct" : 0.0,
    "meanResTime" : 2.3900000000000015,
    "medianResTime" : 2.0,
    "minResTime" : 0.0,
    "maxResTime" : 10.0,
    "pct1ResTime" : 5.0,
    "pct2ResTime" : 5.0,
    "pct3ResTime" : 6.990000000000009,
    "throughput" : 1.4362038260469925,
    "receivedKBytesPerSec" : 95.886240987821,
    "sentKBytesPerSec" : 0.43198318205319697
  },
  "2. Login-0" : {
    "transaction" : "2. Login-0",
    "sampleCount" : 200,
    "errorCount" : 0,
    "errorPct" : 0.0,
    "meanResTime" : 155.62499999999991,
    "medianResTime" : 161.0,
    "minResTime" : 103.0,
    "maxResTime" : 295.0,
    "pct1ResTime" : 192.0,
    "pct2ResTime" : 198.95,
    "pct3ResTime" : 266.5900000000004,
    "throughput" : 1.4349055114720695,
    "receivedKBytesPerSec" : 0.22840781090815168,
    "sentKBytesPerSec" : 0.4610194465569442
  },
  "2. Login" : {
    "transaction" : "2. Login",
    "sampleCount" : 200,
    "errorCount" : 0,
    "errorPct" : 0.0,
    "meanResTime" : 156.09999999999994,
    "medianResTime" : 161.5,
    "minResTime" : 104.0,
    "maxResTime" : 296.0,
    "pct1ResTime" : 192.9,
    "pct2ResTime" : 200.89999999999998,
    "pct3ResTime" : 266.60000000000036,
    "throughput" : 1.4349055114720695,
    "receivedKBytesPerSec" : 10.187268621486275,
    "sentKBytesPerSec" : 0.7384718794392389
  },
  "Total" : {
    "transaction" : "Total",
    "sampleCount" : 2184,
    "errorCount" : 0,
    "errorPct" : 0.0,
    "meanResTime" : 58.58608058608056,
    "medianResTime" : 6.0,
    "minResTime" : 0.0,
    "maxResTime" : 298.0,
    "pct1ResTime" : 176.5,
    "pct2ResTime" : 187.0,
    "pct3ResTime" : 211.0,
    "throughput" : 15.132408575031526,
    "receivedKBytesPerSec" : 278.59897850612504,
    "sentKBytesPerSec" : 4.797475095443649
  },
  "7. Completa Prenotazione-1" : {
    "transaction" : "7. Completa Prenotazione-1",
    "sampleCount" : 192,
    "errorCount" : 0,
    "errorPct" : 0.0,
    "meanResTime" : 153.87500000000003,
    "medianResTime" : 152.5,
    "minResTime" : 105.0,
    "maxResTime" : 293.0,
    "pct1ResTime" : 187.70000000000002,
    "pct2ResTime" : 194.44999999999996,
    "pct3ResTime" : 287.41999999999996,
    "throughput" : 1.364586146607724,
    "receivedKBytesPerSec" : 10.72168483745789,
    "sentKBytesPerSec" : 0.2758489573708974
  },
  "6. Checkout" : {
    "transaction" : "6. Checkout",
    "sampleCount" : 200,
    "errorCount" : 0,
    "errorPct" : 0.0,
    "meanResTime" : 1.2750000000000004,
    "medianResTime" : 1.0,
    "minResTime" : 0.0,
    "maxResTime" : 4.0,
    "pct1ResTime" : 3.0,
    "pct2ResTime" : 3.0,
    "pct3ResTime" : 4.0,
    "throughput" : 1.4272053891275494,
    "receivedKBytesPerSec" : 8.267129029179214,
    "sentKBytesPerSec" : 0.33666158373414024
  },
  "4. Proiezioni Film" : {
    "transaction" : "4. Proiezioni Film",
    "sampleCount" : 200,
    "errorCount" : 0,
    "errorPct" : 0.0,
    "meanResTime" : 12.239999999999997,
    "medianResTime" : 13.0,
    "minResTime" : 3.0,
    "maxResTime" : 31.0,
    "pct1ResTime" : 21.0,
    "pct2ResTime" : 22.0,
    "pct3ResTime" : 24.99000000000001,
    "throughput" : 1.433619818360369,
    "receivedKBytesPerSec" : 11.77836282408768,
    "sentKBytesPerSec" : 0.4340059996989398
  },
  "7. Completa Prenotazione" : {
    "transaction" : "7. Completa Prenotazione",
    "sampleCount" : 200,
    "errorCount" : 0,
    "errorPct" : 0.0,
    "meanResTime" : 151.9949999999999,
    "medianResTime" : 153.0,
    "minResTime" : 1.0,
    "maxResTime" : 298.0,
    "pct1ResTime" : 194.9,
    "pct2ResTime" : 198.95,
    "pct3ResTime" : 291.97,
    "throughput" : 1.42138329021804,
    "receivedKBytesPerSec" : 11.02399339412116,
    "sentKBytesPerSec" : 0.8304404111706513
  },
  "1. Home Page" : {
    "transaction" : "1. Home Page",
    "sampleCount" : 200,
    "errorCount" : 0,
    "errorPct" : 0.0,
    "meanResTime" : 1.7999999999999994,
    "medianResTime" : 1.0,
    "minResTime" : 0.0,
    "maxResTime" : 18.0,
    "pct1ResTime" : 3.0,
    "pct2ResTime" : 4.0,
    "pct3ResTime" : 5.980000000000018,
    "throughput" : 1.4367093608798407,
    "receivedKBytesPerSec" : 10.117296095023958,
    "sentKBytesPerSec" : 0.20344029035896186
  },
  "5. Scelta Posto" : {
    "transaction" : "5. Scelta Posto",
    "sampleCount" : 200,
    "errorCount" : 0,
    "errorPct" : 0.0,
    "meanResTime" : 6.274999999999999,
    "medianResTime" : 6.0,
    "minResTime" : 1.0,
    "maxResTime" : 13.0,
    "pct1ResTime" : 11.0,
    "pct2ResTime" : 12.0,
    "pct3ResTime" : 13.0,
    "throughput" : 1.4311270125223614,
    "receivedKBytesPerSec" : 119.60252683363149,
    "sentKBytesPerSec" : 0.42766100178890876
  },
  "7. Completa Prenotazione-0" : {
    "transaction" : "7. Completa Prenotazione-0",
    "sampleCount" : 192,
    "errorCount" : 0,
    "errorPct" : 0.0,
    "meanResTime" : 4.130208333333334,
    "medianResTime" : 3.0,
    "minResTime" : 1.0,
    "maxResTime" : 12.0,
    "pct1ResTime" : 7.0,
    "pct2ResTime" : 8.0,
    "pct3ResTime" : 10.139999999999986,
    "throughput" : 1.366266037615012,
    "receivedKBytesPerSec" : 0.22948999850564653,
    "sentKBytesPerSec" : 0.5330722439852272
  }
}