{
  "2. Login-1" : {
    "transaction" : "2. Login-1",
    "sampleCount" : 458,
    "errorCount" : 0,
    "errorPct" : 0.0,
    "meanResTime" : 0.441048034934498,
    "medianResTime" : 0.0,
    "minResTime" : 0.0,
    "maxResTime" : 7.0,
    "pct1ResTime" : 1.0,
    "pct2ResTime" : 1.0,
    "pct3ResTime" : 1.4099999999999682,
    "throughput" : 1.2766087918765314,
    "receivedKBytesPerSec" : 8.860213558463387,
    "sentKBytesPerSec" : 0.2468442781167512
  },
  "3. Dettagli Film" : {
    "transaction" : "3. Dettagli Film",
    "sampleCount" : 460,
    "errorCount" : 0,
    "errorPct" : 0.0,
    "meanResTime" : 2.849999999999999,
    "medianResTime" : 2.0,
    "minResTime" : 0.0,
    "maxResTime" : 133.0,
    "pct1ResTime" : 5.0,
    "pct2ResTime" : 6.0,
    "pct3ResTime" : 10.0,
    "throughput" : 1.280905321604696,
    "receivedKBytesPerSec" : 85.51796978768995,
    "sentKBytesPerSec" : 0.38527230376391247
  },
  "2. Login-0" : {
    "transaction" : "2. Login-0",
    "sampleCount" : 458,
    "errorCount" : 0,
    "errorPct" : 0.0,
    "meanResTime" : 257.9999999999997,
    "medianResTime" : 253.0,
    "minResTime" : 195.0,
    "maxResTime" : 756.0,
    "pct1ResTime" : 297.1,
    "pct2ResTime" : 308.0,
    "pct3ResTime" : 389.8699999999966,
    "throughput" : 1.2739207832665778,
    "receivedKBytesPerSec" : 0.20278231218012907,
    "sentKBytesPerSec" : 0.4092968141549844
  },
  "6. Checkout-0" : {
    "transaction" : "6. Checkout-0",
    "sampleCount" : 2,
    "errorCount" : 0,
    "errorPct" : 0.0,
    "meanResTime" : 1.0,
    "medianResTime" : 1.0,
    "minResTime" : 1.0,
    "maxResTime" : 1.0,
    "pct1ResTime" : 1.0,
    "pct2ResTime" : 1.0,
    "pct3ResTime" : 1.0,
    "throughput" : 0.012671862130140023,
    "receivedKBytesPerSec" : 0.002029477919280238,
    "sentKBytesPerSec" : 0.003155590667173541
  },
  "4. Proiezioni Film-1" : {
    "transaction" : "4. Proiezioni Film-1",
    "sampleCount" : 2,
    "errorCount" : 0,
    "errorPct" : 0.0,
    "meanResTime" : 25.0,
    "medianResTime" : 25.0,
    "minResTime" : 2.0,
    "maxResTime" : 48.0,
    "pct1ResTime" : 48.0,
    "pct2ResTime" : 48.0,
    "pct3ResTime" : 48.0,
    "throughput" : 0.01268126280014964,
    "receivedKBytesPerSec" : 0.0687686057902646,
    "sentKBytesPerSec" : 0.002464425094950955
  },
  "6. Checkout-1" : {
    "transaction" : "6. Checkout-1",
    "sampleCount" : 2,
    "errorCount" : 0,
    "errorPct" : 0.0,
    "meanResTime" : 0.5,
    "medianResTime" : 0.5,
    "minResTime" : 0.0,
    "maxResTime" : 1.0,
    "pct1ResTime" : 1.0,
    "pct2ResTime" : 1.0,
    "pct3ResTime" : 1.0,
    "throughput" : 0.012671862130140023,
    "receivedKBytesPerSec" : 0.0687176273522144,
    "sentKBytesPerSec" : 0.0024625982069315083
  },
  "5. Scelta Posto-0" : {
    "transaction" : "5. Scelta Posto-0",
    "sampleCount" : 2,
    "errorCount" : 0,
    "errorPct" : 0.0,
    "meanResTime" : 0.0,
    "medianResTime" : 0.0,
    "minResTime" : 0.0,
    "maxResTime" : 0.0,
    "pct1ResTime" : 0.0,
    "pct2ResTime" : 0.0,
    "pct3ResTime" : 0.0,
    "throughput" : 0.012678609917208677,
    "receivedKBytesPerSec" : 0.002030558619552952,
    "sentKBytesPerSec" : 0.0037639623191713257
  },
  "5. Scelta Posto-1" : {
    "transaction" : "5. Scelta Posto-1",
    "sampleCount" : 2,
    "errorCount" : 0,
    "errorPct" : 0.0,
    "meanResTime" : 1.0,
    "medianResTime" : 1.0,
    "minResTime" : 1.0,
    "maxResTime" : 1.0,
    "pct1ResTime" : 1.0,
    "pct2ResTime" : 1.0,
    "pct3ResTime" : 1.0,
    "throughput" : 0.01267852954414347,
    "receivedKBytesPerSec" : 0.06875378374866083,
    "sentKBytesPerSec" : 0.0024638939250825687
  },
  "2. Login" : {
    "transaction" : "2. Login",
    "sampleCount" : 460,
    "errorCount" : 0,
    "errorPct" : 0.0,
    "meanResTime" : 257.43695652173886,
    "medianResTime" : 253.0,
    "minResTime" : 1.0,
    "maxResTime" : 758.0,
    "pct1ResTime" : 297.90000000000003,
    "pct2ResTime" : 308.9,
    "pct3ResTime" : 389.1199999999985,
    "throughput" : 1.2794837561192702,
    "receivedKBytesPerSec" : 9.051353410450044,
    "sentKBytesPerSec" : 0.6573489044420339
  },
  "Total" : {
    "transaction" : "Total",
    "sampleCount" : 5028,
    "errorCount" : 0,
    "errorPct" : 0.0,
    "meanResTime" : 94.11933174224333,
    "medianResTime" : 5.0,
    "minResTime" : 0.0,
    "maxResTime" : 758.0,
    "pct1ResTime" : 279.0,
    "pct2ResTime" : 291.0,
    "pct3ResTime" : 316.0,
    "throughput" : 13.823288447051967,
    "receivedKBytesPerSec" : 253.7388967409907,
    "sentKBytesPerSec" : 4.381998482235645
  },
  "7. Completa Prenotazione-1" : {
    "transaction" : "7. Completa Prenotazione-1",
    "sampleCount" : 440,
    "errorCount" : 0,
    "errorPct" : 0.0,
    "meanResTime" : 252.8363636363636,
    "medianResTime" : 249.0,
    "minResTime" : 0.0,
    "maxResTime" : 519.0,
    "pct1ResTime" : 293.0,
    "pct2ResTime" : 302.0,
    "pct3ResTime" : 342.7699999999999,
    "throughput" : 1.2205981485745356,
    "receivedKBytesPerSec" : 9.576851650858996,
    "sentKBytesPerSec" : 0.24669866344502733
  },
  "4. Proiezioni Film-0" : {
    "transaction" : "4. Proiezioni Film-0",
    "sampleCount" : 2,
    "errorCount" : 0,
    "errorPct" : 0.0,
    "meanResTime" : 1.0,
    "medianResTime" : 1.0,
    "minResTime" : 1.0,
    "maxResTime" : 1.0,
    "pct1ResTime" : 1.0,
    "pct2ResTime" : 1.0,
    "pct3ResTime" : 1.0,
    "throughput" : 0.0126814236166152,
    "receivedKBytesPerSec" : 0.002031009251098528,
    "sentKBytesPerSec" : 0.0038391028526862424
  },
  "6. Checkout" : {
    "transaction" : "6. Checkout",
    "sampleCount" : 460,
    "errorCount" : 0,
    "errorPct" : 0.0,
    "meanResTime" : 1.4282608695652168,
    "medianResTime" : 1.0,
    "minResTime" : 0.0,
    "maxResTime" : 51.0,
    "pct1ResTime" : 3.0,
    "pct2ResTime" : 4.0,
    "pct3ResTime" : 5.0,
    "throughput" : 1.2782571241993526,
    "receivedKBytesPerSec" : 7.403174953628444,
    "sentKBytesPerSec" : 0.3026769804301613
  },
  "4. Proiezioni Film" : {
    "transaction" : "4. Proiezioni Film",
    "sampleCount" : 460,
    "errorCount" : 0,
    "errorPct" : 0.0,
    "meanResTime" : 10.739130434782611,
    "medianResTime" : 7.0,
    "minResTime" : 3.0,
    "maxResTime" : 101.0,
    "pct1ResTime" : 21.0,
    "pct2ResTime" : 22.0,
    "pct3ResTime" : 28.389999999999986,
    "throughput" : 1.280128235454543,
    "receivedKBytesPerSec" : 10.502649917626531,
    "sentKBytesPerSec" : 0.38862045137043294
  },
  "7. Completa Prenotazione" : {
    "transaction" : "7. Completa Prenotazione",
    "sampleCount" : 460,
    "errorCount" : 0,
    "errorPct" : 0.0,
    "meanResTime" : 245.8130434782609,
    "medianResTime" : 248.0,
    "minResTime" : 0.0,
    "maxResTime" : 528.0,
    "pct1ResTime" : 298.90000000000003,
    "pct2ResTime" : 307.0,
    "pct3ResTime" : 347.0,
    "throughput" : 1.2760480237899736,
    "receivedKBytesPerSec" : 9.853374973646835,
    "sentKBytesPerSec" : 0.7446584343653603
  },
  "1. Home Page" : {
    "transaction" : "1. Home Page",
    "sampleCount" : 460,
    "errorCount" : 0,
    "errorPct" : 0.0,
    "meanResTime" : 1.8434782608695668,
    "medianResTime" : 1.0,
    "minResTime" : 0.0,
    "maxResTime" : 19.0,
    "pct1ResTime" : 3.0,
    "pct2ResTime" : 4.0,
    "pct3ResTime" : 6.0,
    "throughput" : 1.280855388642154,
    "receivedKBytesPerSec" : 9.019773640135325,
    "sentKBytesPerSec" : 0.18137112436827377
  },
  "5. Scelta Posto" : {
    "transaction" : "5. Scelta Posto",
    "sampleCount" : 460,
    "errorCount" : 0,
    "errorPct" : 0.0,
    "meanResTime" : 5.7652173913043505,
    "medianResTime" : 4.0,
    "minResTime" : 1.0,
    "maxResTime" : 83.0,
    "pct1ResTime" : 11.0,
    "pct2ResTime" : 12.0,
    "pct3ResTime" : 15.0,
    "throughput" : 1.2792417989476847,
    "receivedKBytesPerSec" : 106.47536533998631,
    "sentKBytesPerSec" : 0.3833434461800727
  },
  "7. Completa Prenotazione-0" : {
    "transaction" : "7. Completa Prenotazione-0",
    "sampleCount" : 440,