{
  "2. Login-1" : {
    "transaction" : "2. Login-1",
    "sampleCount" : 10,
    "errorCount" : 0,
    "errorPct" : 0.0,
    "meanResTime" : 0.7999999999999999,
    "medianResTime" : 1.0,
    "minResTime" : 0.0,
    "maxResTime" : 2.0,
    "pct1ResTime" : 1.9000000000000004,
    "pct2ResTime" : 2.0,
    "pct3ResTime" : 2.0,
    "throughput" : 1.124353496739375,
    "receivedKBytesPerSec" : 7.228143622104789,
    "sentKBytesPerSec" : 0.21740428940859005
  },
  "3. Dettagli Film" : {
    "transaction" : "3. Dettagli Film",
    "sampleCount" : 10,
    "errorCount" : 0,
    "errorPct" : 0.0,
    "meanResTime" : 5.9,
    "medianResTime" : 6.0,
    "minResTime" : 2.0,
    "maxResTime" : 13.0,
    "pct1ResTime" : 12.400000000000002,
    "pct2ResTime" : 13.0,
    "pct3ResTime" : 13.0,
    "throughput" : 1.1229646266142617,
    "receivedKBytesPerSec" : 74.48633141493544,
    "sentKBytesPerSec" : 0.3377667040988209
  },
  "2. Login-0" : {
    "transaction" : "2. Login-0",
    "sampleCount" : 10,
    "errorCount" : 0,
    "errorPct" : 0.0,
    "meanResTime" : 126.0,
    "medianResTime" : 130.0,
    "minResTime" : 75.0,
    "maxResTime" : 153.0,
    "pct1ResTime" : 151.9,
    "pct2ResTime" : 153.0,
    "pct3ResTime" : 153.0,
    "throughput" : 1.1053387863380126,
    "receivedKBytesPerSec" : 0.1759474825909141,
    "sentKBytesPerSec" : 0.3551332624074279
  },
  "2. Login" : {
    "transaction" : "2. Login",
    "sampleCount" : 10,
    "errorCount" : 0,
    "errorPct" : 0.0,
    "meanResTime" : 127.0,
    "medianResTime" : 131.5,
    "minResTime" : 76.0,
    "maxResTime" : 155.0,
    "pct1ResTime" : 153.8,
    "pct2ResTime" : 155.0,
    "pct3ResTime" : 155.0,
    "throughput" : 1.1052166224580018,
    "receivedKBytesPerSec" : 7.281046225685234,
    "sentKBytesPerSec" : 0.568798007847038
  },
  "Total" : {
    "transaction" : "Total",
    "sampleCount" : 110,
    "errorCount" : 0,
    "errorPct" : 0.0,
    "meanResTime" : 51.43636363636366,
    "medianResTime" : 7.5,
    "minResTime" : 0.0,
    "maxResTime" : 155.0,
    "pct1ResTime" : 141.9,
    "pct2ResTime" : 148.89999999999998,
    "pct3ResTime" : 154.78,
    "throughput" : 9.925110529639989,
    "receivedKBytesPerSec" : 627.356773183028,
    "sentKBytesPerSec" : 3.151204970450239
  },
  "7. Completa Prenotazione-1" : {
    "transaction" : "7. Completa Prenotazione-1",
    "sampleCount" : 10,
    "errorCount" : 0,
    "errorPct" : 0.0,
    "meanResTime" : 132.4,
    "medianResTime" : 131.5,
    "minResTime" : 117.0,
    "maxResTime" : 145.0,
    "pct1ResTime" : 144.7,
    "pct2ResTime" : 145.0,
    "pct3ResTime" : 145.0,
    "throughput" : 1.108770373655616,
    "receivedKBytesPerSec" : 271.39190528329084,
    "sentKBytesPerSec" : 0.2241361985807739
  },
  "6. Checkout" : {
    "transaction" : "6. Checkout",
    "sampleCount" : 10,
    "errorCount" : 0,
    "errorPct" : 0.0,
    "meanResTime" : 3.7,
    "medianResTime" : 4.0,
    "minResTime" : 1.0,
    "maxResTime" : 5.0,
    "pct1ResTime" : 5.0,
    "pct2ResTime" : 5.0,
    "pct3ResTime" : 5.0,
    "throughput" : 1.1253657438667568,
    "receivedKBytesPerSec" : 7.546874120808013,
    "sentKBytesPerSec" : 0.2649664852014405
  },
  "4. Proiezioni Film" : {
    "transaction" : "4. Proiezioni Film",
    "sampleCount" : 10,
    "errorCount" : 0,
    "errorPct" : 0.0,
    "meanResTime" : 10.5,
    "medianResTime" : 7.0,
    "minResTime" : 5.0,
    "maxResTime" : 24.0,
    "pct1ResTime" : 23.400000000000002,
    "pct2ResTime" : 24.0,
    "pct3ResTime" : 24.0,
    "throughput" : 1.1238480557428636,
    "receivedKBytesPerSec" : 13.289722760732749,
    "sentKBytesPerSec" : 0.340227438750281
  },
  "7. Completa Prenotazione" : {
    "transaction" : "7. Completa Prenotazione",
    "sampleCount" : 10,
    "errorCount" : 0,
    "errorPct" : 0.0,
    "meanResTime" : 141.1,
    "medianResTime" : 141.5,
    "minResTime" : 123.0,
    "maxResTime" : 152.0,
    "pct1ResTime" : 151.9,
    "pct2ResTime" : 152.0,
    "pct3ResTime" : 152.0,
    "throughput" : 1.1074197120708749,
    "receivedKBytesPerSec" : 271.24731796788484,
    "sentKBytesPerSec" : 0.6554756713732005
  },
  "1. Home Page" : {
    "transaction" : "1. Home Page",
    "sampleCount" : 10,
    "errorCount" : 0,
    "errorPct" : 0.0,
    "meanResTime" : 4.800000000000001,
    "medianResTime" : 3.5,
    "minResTime" : 1.0,
    "maxResTime" : 19.0,
    "pct1ResTime" : 17.600000000000005,
    "pct2ResTime" : 19.0,
    "pct3ResTime" : 19.0,
    "throughput" : 1.120322652924042,
    "receivedKBytesPerSec" : 7.316013261819404,
    "sentKBytesPerSec" : 0.15863943815818957
  },
  "5. Scelta Posto" : {
    "transaction" : "5. Scelta Posto",
    "sampleCount" : 10,
    "errorCount" : 0,
    "errorPct" : 0.0,
    "meanResTime" : 5.7,
    "medianResTime" : 5.0,
    "minResTime" : 3.0,
    "maxResTime" : 13.0,
    "pct1ResTime" : 12.500000000000002,
    "pct2ResTime" : 13.0,
    "pct3ResTime" : 13.0,
    "throughput" : 1.125112511251125,
    "receivedKBytesPerSec" : 113.47814468946895,
    "sentKBytesPerSec" : 0.3362152621512151
  },
  "7. Completa Prenotazione-0" : {
    "transaction" : "7. Completa Prenotazione-0",
    "sampleCount" : 10,
    "errorCount" : 0,
    "errorPct" : 0.0,
    "meanResTime" : 7.8999999999999995,
    "medianResTime" : 8.0,
    "minResTime" : 4.0,
    "maxResTime" : 10.0,
    "pct1ResTime" : 10.0,
    "pct2ResTime" : 10.0,
    "pct3ResTime" : 10.0,
    "throughput" : 1.1256190904997747,
    "receivedKBytesPerSec" : 0.18906883160738405,
    "sentKBytesPerSec" : 0.43870564357271497
  }
}