{
  "2. Login-1" : {
    "transaction" : "2. Login-1",
    "sampleCount" : 10,
    "errorCount" : 0,
    "errorPct" : 0.0,
    "meanResTime" : 0.7,
    "medianResTime" : 1.0,
    "minResTime" : 0.0,
    "maxResTime" : 1.0,
    "pct1ResTime" : 1.0,
    "pct2ResTime" : 1.0,
    "pct3ResTime" : 1.0,
    "throughput" : 2.2727272727272725,
    "receivedKBytesPerSec" : 14.610706676136363,
    "sentKBytesPerSec" : 0.43945312499999994
  },
  "3. Dettagli Film" : {
    "transaction" : "3. Dettagli Film",
    "sampleCount" : 10,
    "errorCount" : 0,
    "errorPct" : 0.0,
    "meanResTime" : 4.499999999999999,
    "medianResTime" : 3.5,
    "minResTime" : 2.0,
    "maxResTime" : 10.0,
    "pct1ResTime" : 9.700000000000001,
    "pct2ResTime" : 10.0,
    "pct3ResTime" : 10.0,
    "throughput" : 2.2727272727272725,
    "receivedKBytesPerSec" : 150.75017755681816,
    "sentKBytesPerSec" : 0.68359375
  },
  "2. Login-0" : {
    "transaction" : "2. Login-0",
    "sampleCount" : 10,
    "errorCount" : 0,
    "errorPct" : 0.0,
    "meanResTime" : 122.39999999999999,
    "medianResTime" : 124.5,
    "minResTime" : 83.0,
    "maxResTime" : 140.0,
    "pct1ResTime" : 138.9,
    "pct2ResTime" : 140.0,
    "pct3ResTime" : 140.0,
    "throughput" : 2.203128442388191,
    "receivedKBytesPerSec" : 0.35069329698171403,
    "sentKBytesPerSec" : 0.7078410718219873
  },
  "2. Login" : {
    "transaction" : "2. Login",
    "sampleCount" : 10,
    "errorCount" : 0,
    "errorPct" : 0.0,
    "meanResTime" : 123.39999999999999,
    "medianResTime" : 125.5,
    "minResTime" : 84.0,
    "maxResTime" : 141.0,
    "pct1ResTime" : 139.9,
    "pct2ResTime" : 141.0,
    "pct3ResTime" : 141.0,
    "throughput" : 2.2026431718061676,
    "receivedKBytesPerSec" : 14.510772301762115,
    "sentKBytesPerSec" : 1.1335868667400881
  },
  "Total" : {
    "transaction" : "Total",
    "sampleCount" : 110,
    "errorCount" : 0,
    "errorPct" : 0.0,
    "meanResTime" : 41.15454545454547,
    "medianResTime" : 6.0,
    "minResTime" : 0.0,
    "maxResTime" : 141.0,
    "pct1ResTime" : 125.9,
    "pct2ResTime" : 129.0,
    "pct3ResTime" : 140.89,
    "throughput" : 16.78620479169846,
    "receivedKBytesPerSec" : 937.2763130913322,
    "sentKBytesPerSec" : 5.3295902163131395
  },
  "7. Completa Prenotazione-1" : {
    "transaction" : "7. Completa Prenotazione-1",
    "sampleCount" : 10,
    "errorCount" : 0,
    "errorPct" : 0.0,
    "meanResTime" : 86.89999999999999,
    "medianResTime" : 73.0,
    "minResTime" : 63.0,
    "maxResTime" : 124.0,
    "pct1ResTime" : 123.5,
    "pct2ResTime" : 124.0,
    "pct3ResTime" : 124.0,
    "throughput" : 2.213368747233289,
    "receivedKBytesPerSec" : 452.0079404603807,
    "sentKBytesPerSec" : 0.44742903386454186
  },
  "6. Checkout" : {
    "transaction" : "6. Checkout",
    "sampleCount" : 10,
    "errorCount" : 0,
    "errorPct" : 0.0,
    "meanResTime" : 1.5,
    "medianResTime" : 1.0,
    "minResTime" : 1.0,
    "maxResTime" : 3.0,
    "pct1ResTime" : 2.9000000000000004,
    "pct2ResTime" : 3.0,
    "pct3ResTime" : 3.0,
    "throughput" : 2.276867030965392,
    "receivedKBytesPerSec" : 15.269017176115664,
    "sentKBytesPerSec" : 0.5360865636384334
  },
  "4. Proiezioni Film" : {
    "transaction" : "4. Proiezioni Film",
    "sampleCount" : 10,
    "errorCount" : 0,
    "errorPct" : 0.0,
    "meanResTime" : 6.8999999999999995,
    "medianResTime" : 5.0,
    "minResTime" : 4.0,
    "maxResTime" : 19.0,
    "pct1ResTime" : 18.000000000000004,
    "pct2ResTime" : 19.0,
    "pct3ResTime" : 19.0,
    "throughput" : 2.2727272727272725,
    "receivedKBytesPerSec" : 26.875443892045453,
    "sentKBytesPerSec" : 0.6880326704545454
  },
  "7. Completa Prenotazione" : {
    "transaction" : "7. Completa Prenotazione",
    "sampleCount" : 10,
    "errorCount" : 0,
    "errorPct" : 0.0,
    "meanResTime" : 91.80000000000001,
    "medianResTime" : 76.0,
    "minResTime" : 66.0,
    "maxResTime" : 133.0,
    "pct1ResTime" : 132.6,
    "pct2ResTime" : 133.0,
    "pct3ResTime" : 133.0,
    "throughput" : 2.2104332449160036,
    "receivedKBytesPerSec" : 451.7797441423519,
    "sentKBytesPerSec" : 1.3083433493589745
  },
  "1. Home Page" : {
    "transaction" : "1. Home Page",
    "sampleCount" : 10,
    "errorCount" : 0,
    "errorPct" : 0.0,
    "meanResTime" : 3.1,
    "medianResTime" : 1.5,
    "minResTime" : 1.0,
    "maxResTime" : 18.0,
    "pct1ResTime" : 16.400000000000006,
    "pct2ResTime" : 18.0,
    "pct3ResTime" : 18.0,
    "throughput" : 2.2558087074216107,
    "receivedKBytesPerSec" : 14.731047682156554,
    "sentKBytesPerSec" : 0.31942603767200545
  },
  "5. Scelta Posto" : {
    "transaction" : "5. Scelta Posto",
    "sampleCount" : 10,
    "errorCount" : 0,
    "errorPct" : 0.0,
    "meanResTime" : 6.699999999999999,
    "medianResTime" : 5.5,
    "minResTime" : 3.0,
    "maxResTime" : 12.0,
    "pct1ResTime" : 12.0,
    "pct2ResTime" : 12.0,
    "pct3ResTime" : 12.0,
    "throughput" : 2.277385561375541,
    "receivedKBytesPerSec" : 229.6956843543612,
    "sentKBytesPerSec" : 0.6805468572079253
  },
  "7. Completa Prenotazione-0" : {
    "transaction" : "7. Completa Prenotazione-0",
    "sampleCount" : 10,
    "errorCount" : 0,
    "errorPct" : 0.0,
    "meanResTime" : 4.8,
    "medianResTime" : 3.0,
    "minResTime" : 2.0,
    "maxResTime" : 9.0,
    "pct1ResTime" : 9.0,
    "pct2ResTime" : 9.0,
    "pct3ResTime" : 9.0,
    "throughput" : 2.2727272727272725,
    "receivedKBytesPerSec" : 0.38174715909090906,
    "sentKBytesPerSec" : 0.8857865767045454
  }
}