{
  "2. Login-1" : {
    "transaction" : "2. Login-1",
    "sampleCount" : 90,
    "errorCount" : 0,
    "errorPct" : 0.0,
    "meanResTime" : 0.6333333333333334,
    "medianResTime" : 1.0,
    "minResTime" : 0.0,
    "maxResTime" : 2.0,
    "pct1ResTime" : 1.0,
    "pct2ResTime" : 1.0,
    "pct3ResTime" : 2.0,
    "throughput" : 1.713991887105068,
    "receivedKBytesPerSec" : 11.018758391418613,
    "sentKBytesPerSec" : 0.33141640004570644
  },
  "3. Dettagli Film" : {
    "transaction" : "3. Dettagli Film",
    "sampleCount" : 200,
    "errorCount" : 110,
    "errorPct" : 55.0,
    "meanResTime" : 33003.695,
    "medianResTime" : 60002.0,
    "minResTime" : 1.0,
    "maxResTime" : 60017.0,
    "pct1ResTime" : 60003.0,
    "pct2ResTime" : 60003.0,
    "pct3ResTime" : 60004.0,
    "throughput" : 0.8342440497543151,
    "receivedKBytesPerSec" : 26.101369972115393,
    "sentKBytesPerSec" : 0.11291623564057429
  },
  "2. Login-0" : {
    "transaction" : "2. Login-0",
    "sampleCount" : 90,
    "errorCount" : 0,
    "errorPct" : 0.0,
    "meanResTime" : 134.6777777777777,
    "medianResTime" : 127.0,
    "minResTime" : 83.0,
    "maxResTime" : 596.0,
    "pct1ResTime" : 156.9,
    "pct2ResTime" : 180.85000000000002,
    "pct3ResTime" : 596.0,
    "throughput" : 1.6947875866224766,
    "receivedKBytesPerSec" : 0.269775758417445,
    "sentKBytesPerSec" : 0.544516714842573
  },
  "2. Login" : {
    "transaction" : "2. Login",
    "sampleCount" : 200,
    "errorCount" : 110,
    "errorPct" : 55.0,
    "meanResTime" : 33062.079999999994,
    "medianResTime" : 60001.0,
    "minResTime" : 84.0,
    "maxResTime" : 60014.0,
    "pct1ResTime" : 60002.0,
    "pct2ResTime" : 60002.95,
    "pct3ResTime" : 60004.0,
    "throughput" : 1.1122728182768669,
    "receivedKBytesPerSec" : 4.897856424348764,
    "sentKBytesPerSec" : 0.25759326059995996
  },
  "Total" : {
    "transaction" : "Total",
    "sampleCount" : 1734,
    "errorCount" : 672,
    "errorPct" : 38.754326,
    "meanResTime" : 23280.749711649365,
    "medianResTime" : 111.0,
    "minResTime" : 0.0,
    "maxResTime" : 60132.0,
    "pct1ResTime" : 60003.0,
    "pct2ResTime" : 60003.0,
    "pct3ResTime" : 60004.0,
    "throughput" : 3.57566321954036,
    "receivedKBytesPerSec" : 124.81394676522595,
    "sentKBytesPerSec" : 0.6520653276402478
  },
  "7. Completa Prenotazione-1" : {
    "transaction" : "7. Completa Prenotazione-1",
    "sampleCount" : 77,
    "errorCount" : 3,
    "errorPct" : 3.8961039,
    "meanResTime" : 2458.090909090909,
    "medianResTime" : 120.0,
    "minResTime" : 83.0,
    "maxResTime" : 60002.0,
    "pct1ResTime" : 189.20000000000002,
    "pct2ResTime" : 6265.59999999966,
    "pct3ResTime" : 60002.0,
    "throughput" : 0.685858837781024,
    "receivedKBytesPerSec" : 176.756612107858,
    "sentKBytesPerSec" : 0.13324352776392204
  },
  "6. Checkout" : {
    "transaction" : "6. Checkout",
    "sampleCount" : 200,
    "errorCount" : 110,
    "errorPct" : 55.0,
    "meanResTime" : 33002.14000000001,
    "medianResTime" : 60002.0,
    "minResTime" : 0.0,
    "maxResTime" : 60006.0,
    "pct1ResTime" : 60003.0,
    "pct2ResTime" : 60003.0,
    "pct3ResTime" : 60004.0,
    "throughput" : 0.47506502452523186,
    "receivedKBytesPerSec" : 2.1172984722205728,
    "sentKBytesPerSec" : 0.050417667519804275
  },
  "4. Proiezioni Film" : {
    "transaction" : "4. Proiezioni Film",
    "sampleCount" : 200,
    "errorCount" : 110,
    "errorPct" : 55.0,
    "meanResTime" : 33006.939999999995,
    "medianResTime" : 60002.0,
    "minResTime" : 4.0,
    "maxResTime" : 60008.0,
    "pct1ResTime" : 60003.0,
    "pct2ResTime" : 60003.0,
    "pct3ResTime" : 60005.98,
    "throughput" : 0.6665000416562525,
    "receivedKBytesPerSec" : 4.389137090727318,
    "sentKBytesPerSec" : 0.09079761309672582
  },
  "7. Completa Prenotazione" : {
    "transaction" : "7. Completa Prenotazione",
    "sampleCount" : 200,
    "errorCount" : 118,
    "errorPct" : 59.0,
    "meanResTime" : 35450.884999999995,
    "medianResTime" : 60002.0,
    "minResTime" : 2.0,
    "maxResTime" : 60132.0,
    "pct1ResTime" : 60003.0,
    "pct2ResTime" : 60003.95,
    "pct3ResTime" : 60086.35,
    "throughput" : 0.415379854492437,
    "receivedKBytesPerSec" : 41.882513426504765,
    "sentKBytesPerSec" : 0.09994672104335112
  },
  "1. Home Page" : {
    "transaction" : "1. Home Page",
    "sampleCount" : 200,
    "errorCount" : 0,
    "errorPct" : 0.0,
    "meanResTime" : 2.705,
    "medianResTime" : 2.0,
    "minResTime" : 0.0,
    "maxResTime" : 18.0,
    "pct1ResTime" : 5.0,
    "pct2ResTime" : 5.949999999999989,
    "pct3ResTime" : 16.960000000000036,
    "throughput" : 1.6730661446700297,
    "receivedKBytesPerSec" : 10.925579403719226,
    "sentKBytesPerSec" : 0.23690878025112724
  },
  "5. Scelta Posto" : {
    "transaction" : "5. Scelta Posto",
    "sampleCount" : 200,
    "errorCount" : 111,
    "errorPct" : 55.5,
    "meanResTime" : 33305.59499999999,
    "medianResTime" : 60002.0,
    "minResTime" : 2.0,
    "maxResTime" : 60014.0,
    "pct1ResTime" : 60003.0,
    "pct2ResTime" : 60003.0,
    "pct3ResTime" : 60005.98,
    "throughput" : 0.5547296247808817,
    "receivedKBytesPerSec" : 25.682256223199627,
    "sentKBytesPerSec" : 0.07376712207657488
  },
  "7. Completa Prenotazione-0" : {
    "transaction" : "7. Completa Prenotazione-0",
    "sampleCount" : 77,
    "errorCount" : 0,
    "errorPct" : 0.0,
    "meanResTime" : 7.285714285714286,
    "medianResTime" : 4.0,
    "minResTime" : 1.0,
    "maxResTime" : 131.0,
    "pct1ResTime" : 9.0,
    "pct2ResTime" : 11.099999999999937,
    "pct3ResTime" : 131.0,
    "throughput" : 1.4729230828088833,
    "receivedKBytesPerSec" : 0.24740504906555463,
    "sentKBytesPerSec" : 0.5746133576907626
  }
}