{
  "2. Login-1" : {
    "transaction" : "2. Login-1",
    "sampleCount" : 10,
    "errorCount" : 0,
    "errorPct" : 0.0,
    "meanResTime" : 0.8999999999999999,
    "medianResTime" : 1.0,
    "minResTime" : 0.0,
    "maxResTime" : 1.0,
    "pct1ResTime" : 1.0,
    "pct2ResTime" : 1.0,
    "pct3ResTime" : 1.0,
    "throughput" : 1.2344155042587335,
    "receivedKBytesPerSec" : 8.567374012467596,
    "sentKBytesPerSec" : 0.2386858103937785
  },
  "3. Dettagli Film" : {
    "transaction" : "3. Dettagli Film",
    "sampleCount" : 10,
    "errorCount" : 0,
    "errorPct" : 0.0,
    "meanResTime" : 19.7,
    "medianResTime" : 7.5,
    "minResTime" : 1.0,
    "maxResTime" : 138.0,
    "pct1ResTime" : 125.30000000000004,
    "pct2ResTime" : 138.0,
    "pct3ResTime" : 138.0,
    "throughput" : 1.2531328320802004,
    "receivedKBytesPerSec" : 83.66374921679197,
    "sentKBytesPerSec" : 0.3769188596491228
  },
  "2. Login-0" : {
    "transaction" : "2. Login-0",
    "sampleCount" : 10,
    "errorCount" : 0,
    "errorPct" : 0.0,
    "meanResTime" : 191.7,
    "medianResTime" : 154.5,
    "minResTime" : 120.0,
    "maxResTime" : 577.0,
    "pct1ResTime" : 537.1000000000001,
    "pct2ResTime" : 577.0,
    "pct3ResTime" : 577.0,
    "throughput" : 1.1523392486748099,
    "receivedKBytesPerSec" : 0.183429001498041,
    "sentKBytesPerSec" : 0.37023399688868397
  },
  "2. Login" : {
    "transaction" : "2. Login",
    "sampleCount" : 10,
    "errorCount" : 0,
    "errorPct" : 0.0,
    "meanResTime" : 192.79999999999998,
    "medianResTime" : 155.5,
    "minResTime" : 121.0,
    "maxResTime" : 579.0,
    "pct1ResTime" : 539.0000000000001,
    "pct2ResTime" : 579.0,
    "pct3ResTime" : 579.0,
    "throughput" : 1.1522064754003918,
    "receivedKBytesPerSec" : 8.180215894688327,
    "sentKBytesPerSec" : 0.5929812622421938
  },
  "Total" : {
    "transaction" : "Total",
    "sampleCount" : 110,
    "errorCount" : 0,
    "errorPct" : 0.0,
    "meanResTime" : 69.5636363636364,
    "medianResTime" : 12.5,
    "minResTime" : 0.0,
    "maxResTime" : 579.0,
    "pct1ResTime" : 167.9,
    "pct2ResTime" : 191.79999999999995,
    "pct3ResTime" : 578.78,
    "throughput" : 8.449189645902143,
    "receivedKBytesPerSec" : 155.28018845053384,
    "sentKBytesPerSec" : 2.682602710461633
  },
  "7. Completa Prenotazione-1" : {
    "transaction" : "7. Completa Prenotazione-1",
    "sampleCount" : 10,
    "errorCount" : 0,
    "errorPct" : 0.0,
    "meanResTime" : 146.0,
    "medianResTime" : 148.0,
    "minResTime" : 99.0,
    "maxResTime" : 194.0,
    "pct1ResTime" : 193.6,
    "pct2ResTime" : 194.0,
    "pct3ResTime" : 194.0,
    "throughput" : 1.108278842956888,
    "receivedKBytesPerSec" : 8.707673272470354,
    "sentKBytesPerSec" : 0.22403683641804278
  },
  "6. Checkout" : {
    "transaction" : "6. Checkout",
    "sampleCount" : 10,
    "errorCount" : 0,
    "errorPct" : 0.0,
    "meanResTime" : 9.1,
    "medianResTime" : 4.0,
    "minResTime" : 1.0,
    "maxResTime" : 61.0,
    "pct1ResTime" : 55.50000000000002,
    "pct2ResTime" : 61.0,
    "pct3ResTime" : 61.0,
    "throughput" : 1.187789523696401,
    "receivedKBytesPerSec" : 6.879783636714574,
    "sentKBytesPerSec" : 0.2796641153937522
  },
  "4. Proiezioni Film" : {
    "transaction" : "4. Proiezioni Film",
    "sampleCount" : 10,
    "errorCount" : 0,
    "errorPct" : 0.0,
    "meanResTime" : 20.7,
    "medianResTime" : 20.0,
    "minResTime" : 6.0,
    "maxResTime" : 54.0,
    "pct1ResTime" : 51.20000000000001,
    "pct2ResTime" : 54.0,
    "pct3ResTime" : 54.0,
    "throughput" : 1.2467273407305821,
    "receivedKBytesPerSec" : 10.242887810123426,
    "sentKBytesPerSec" : 0.3774272222914848
  },
  "7. Completa Prenotazione" : {
    "transaction" : "7. Completa Prenotazione",
    "sampleCount" : 10,
    "errorCount" : 0,
    "errorPct" : 0.0,
    "meanResTime" : 153.4,
    "medianResTime" : 156.0,
    "minResTime" : 103.0,
    "maxResTime" : 205.0,
    "pct1ResTime" : 204.7,
    "pct2ResTime" : 205.0,
    "pct3ResTime" : 205.0,
    "throughput" : 1.1069293779056897,
    "receivedKBytesPerSec" : 8.883000159121098,
    "sentKBytesPerSec" : 0.6551854452623422
  },
  "1. Home Page" : {
    "transaction" : "1. Home Page",
    "sampleCount" : 10,
    "errorCount" : 0,
    "errorPct" : 0.0,
    "meanResTime" : 5.0,
    "medianResTime" : 2.5,
    "minResTime" : 2.0,
    "maxResTime" : 19.0,
    "pct1ResTime" : 17.700000000000003,
    "pct2ResTime" : 19.0,
    "pct3ResTime" : 19.0,
    "throughput" : 1.141682840506907,
    "receivedKBytesPerSec" : 8.039721643452449,
    "sentKBytesPerSec" : 0.16166407409521635
  },
  "5. Scelta Posto" : {
    "transaction" : "5. Scelta Posto",
    "sampleCount" : 10,
    "errorCount" : 0,
    "errorPct" : 0.0,
    "meanResTime" : 18.7,
    "medianResTime" : 11.5,
    "minResTime" : 4.0,
    "maxResTime" : 92.0,
    "pct1ResTime" : 84.30000000000003,
    "pct2ResTime" : 92.0,
    "pct3ResTime" : 92.0,
    "throughput" : 1.2283503255128363,
    "receivedKBytesPerSec" : 103.30018386868934,
    "sentKBytesPerSec" : 0.3670656246161405
  },
  "7. Completa Prenotazione-0" : {
    "transaction" : "7. Completa Prenotazione-0",
    "sampleCount" : 10,
    "errorCount" : 0,
    "errorPct" : 0.0,
    "meanResTime" : 7.2,
    "medianResTime" : 7.0,
    "minResTime" : 3.0,
    "maxResTime" : 11.0,
    "pct1ResTime" : 11.0,
    "pct2ResTime" : 11.0,
    "pct3ResTime" : 11.0,
    "throughput" : 1.1191941801902632,
    "receivedKBytesPerSec" : 0.18798964745383323,
    "sentKBytesPerSec" : 0.43620155987688863
  }
}